0,"P0{0, 0, 0}"
0,"P1{-0.1453, 0, -1.1232}"
0,"S01{0, 0, -1.60051}"
0,"H02{0, 0, -0.298335}"
0,"H13{0.574013, 0, -3.486141}"
0,"H23{0.548519, 0, -2.560792}"
0,"H24{0.706854, 0, -3.213872}"
0,"H35{0.486931, 0, -0.32534}"
0,"H45{0.862159, 0, -0.818902}"
1,"P0{0, 0, 0}"
1,"P1{-0.1453, 0, -1.1232}"
1,"S01{0.027933, 0, -1.600266}"
1,"H02{0.005207, 0, -0.29829}"
1,"H13{0.697748, 0, -3.444874}"
1,"H23{0.703194, 0, -2.51919}"
1,"H24{0.904675, 0, -3.160274}"
1,"H35{0.716348, 0, -0.282929}"
1,"H45{1.101989, 0, -0.768399}"
2,"P0{0, 0, 0}"
2,"P1{-0.1453, 0, -1.1232}"
2,"S01{0.055857, 0, -1.599535}"
2,"H02{0.010412, 0, -0.298153}"
2,"H13{0.815614, 0, -3.398622}"
2,"H23{0.840198, 0, -2.473248}"
2,"H24{1.079724, 0, -3.101111}"
2,"H35{0.899589, 0, -0.237737}"
2,"H45{1.299848, 0, -0.711227}"
3,"P0{0, 0, 0}"
3,"P1{-0.1453, 0, -1.1232}"
3,"S01{0.083764, 0, -1.598317}"
3,"H02{0.015614, 0, -0.297926}"
3,"H13{0.927382, 0, -3.348117}"
3,"H23{0.965742, 0, -2.423212}"
3,"H24{1.240006, 0, -3.036696}"
3,"H35{1.058414, 0, -0.188833}"
3,"H45{1.474796, 0, -0.648209}"
4,"P0{0, 0, 0}"
4,"P1{-0.1453, 0, -1.1232}"
4,"S01{0.111646, 0, -1.596611}"
4,"H02{0.020811, 0, -0.297608}"
4,"H13{1.032944, 0, -3.294062}"
4,"H23{1.082023, 0, -2.369664}"
4,"H24{1.388352, 0, -2.967783}"
4,"H35{1.200586, 0, -0.136509}"
4,"H45{1.633503, 0, -0.580336}"
5,"P0{0, 0, 0}"
5,"P1{-0.1453, 0, -1.1232}"
5,"S01{0.139494, 0, -1.59442}"
5,"H02{0.026002, 0, -0.2972}"
5,"H13{1.132299, 0, -3.237116}"
5,"H23{1.190144, 0, -2.313225}"
5,"H24{1.526185, 0, -2.89517}"
5,"H35{1.329884, 0, -0.081295}"
5,"H45{1.779173, 0, -0.508541}"
6,"P0{0, 0, 0}"
6,"P1{-0.1453, 0, -1.1232}"
6,"S01{0.167299, 0, -1.591742}"
6,"H02{0.031184, 0, -0.296701}"
6,"H13{1.22553, 0, -3.177884}"
6,"H23{1.290808, 0, -2.254488}"
6,"H24{1.654411, 0, -2.819623}"
6,"H35{1.448507, 0, -0.023755}"
6,"H45{1.913666, 0, -0.433667}"
7,"P0{0, 0, 0}"
7,"P1{-0.1453, 0, -1.1232}"
7,"S01{0.195053, 0, -1.58858}"
7,"H02{0.036358, 0, -0.296111}"
7,"H13{1.312788, 0, -3.11691}"
7,"H23{1.384549, 0, -2.193995}"
7,"H24{1.773718, 0, -2.741838}"
7,"H35{1.557909, 0, 0.035575}"
7,"H45{2.038231, 0, -0.356459}"
8,"P0{0, 0, 0}"
8,"P1{-0.1453, 0, -1.1232}"
8,"S01{0.222748, 0, -1.584934}"
8,"H02{0.04152, 0, -0.295432}"
8,"H13{1.394278, 0, -3.054676}"
8,"H23{1.471821, 0, -2.132229}"
8,"H24{1.884691, 0, -2.662439}"
8,"H35{1.659146, 0, 0.096211}"
8,"H45{2.153802, 0, -0.277574}"
9,"P0{0, 0, 0}"
9,"P1{-0.1453, 0, -1.1232}"
9,"S01{0.250375, 0, -1.580805}"
9,"H02{0.04667, 0, -0.294662}"
9,"H13{1.470241, 0, -2.991602}"
9,"H23{1.553035, 0, -2.069612}"
9,"H24{1.987862, 0, -2.581969}"
9,"H35{1.753048, 0, 0.157725}"
9,"H45{2.261142, 0, -0.197578}"
10,"P0{0, 0, 0}"
10,"P1{-0.1453, 0, -1.1232}"
10,"S01{0.277926, 0, -1.576195}"
10,"H02{0.051805, 0, -0.293803}"
10,"H13{1.540943, 0, -2.92805}"
10,"H23{1.628582, 0, -2.006508}"
10,"H24{2.083733, 0, -2.500898}"
10,"H35{1.840299, 0, 0.219747}"
10,"H45{2.360905, 0, -0.116956}"
11,"P0{0, 0, 0}"
11,"P1{-0.1453, 0, -1.1232}"
11,"S01{0.305392, 0, -1.571104}"
11,"H02{0.056925, 0, -0.292854}"
11,"H13{1.606663, 0, -2.864327}"
11,"H23{1.69883, 0, -1.943227}"
11,"H24{2.172782, 0, -2.419623}"
11,"H35{1.921486, 0, 0.281961}"
11,"H45{2.453675, 0, -0.036118}"
12,"P0{0, 0, 0}"
12,"P1{-0.1453, 0, -1.1232}"
12,"S01{0.332765, 0, -1.565535}"
12,"H02{0.062027, 0, -0.291816}"
12,"H13{1.667689, 0, -2.800689}"
12,"H23{1.764134, 0, -1.880027}"
12,"H24{2.255464, 0, -2.33848}"
12,"H35{1.997126, 0, 0.344102}"
12,"H45{2.539985, 0, 0.044595}"
13,"P0{0, 0, 0}"
13,"P1{-0.1453, 0, -1.1232}"
13,"S01{0.360036, 0, -1.559489}"
13,"H02{0.067111, 0, -0.290689}"
13,"H13{1.724305, 0, -2.737349}"
13,"H23{1.824831, 0, -1.817123}"
13,"H24{2.332214, 0, -2.257744}"
13,"H35{2.067681, 0, 0.405951}"
13,"H45{2.620321, 0, 0.124901}"
14,"P0{0, 0, 0}"
14,"P1{-0.1453, 0, -1.1232}"
14,"S01{0.387198, 0, -1.552968}"
14,"H02{0.072174, 0, -0.289473}"
14,"H13{1.776791, 0, -2.674479}"
14,"H23{1.881241, 0, -1.75469}"
14,"H24{2.403446, 0, -2.177639}"
14,"H35{2.133569, 0, 0.467329}"
14,"H45{2.695136, 0, 0.204569}"
15,"P0{0, 0, 0}"
15,"P1{-0.1453, 0, -1.1232}"
15,"S01{0.414242, 0, -1.545974}"
15,"H02{0.077215, 0, -0.288169}"
15,"H13{1.825418, 0, -2.612217}"
15,"H23{1.933665, 0, -1.692868}"
15,"H24{2.469547, 0, -2.098347}"
15,"H35{2.195168, 0, 0.52809}"
15,"H45{2.764847, 0, 0.283416}"
16,"P0{0, 0, 0}"
16,"P1{-0.1453, 0, -1.1232}"
16,"S01{0.44116, 0, -1.538509}"
16,"H02{0.082232, 0, -0.286778}"
16,"H13{1.870443, 0, -2.550673}"
16,"H23{1.982388, 0, -1.631766}"
16,"H24{2.530886, 0, -2.020011}"
16,"H35{2.252822, 0, 0.588122}"
16,"H45{2.82984, 0, 0.361297}"
17,"P0{0, 0, 0}"
17,"P1{-0.1453, 0, -1.1232}"
17,"S01{0.467944, 0, -1.530575}"
17,"H02{0.087225, 0, -0.285299}"
17,"H13{1.912113, 0, -2.489931}"
17,"H23{2.027674, 0, -1.571472}"
17,"H24{2.587804, 0, -1.942739}"
17,"H35{2.306846, 0, 0.647334}"
17,"H45{2.890473, 0, 0.4381}"
18,"P0{0, 0, 0}"
18,"P1{-0.1453, 0, -1.1232}"
18,"S01{0.494585, 0, -1.522175}"
18,"H02{0.092191, 0, -0.283733}"
18,"H13{1.950657, 0, -2.430053}"
18,"H23{2.069771, 0, -1.512049}"
18,"H24{2.64062, 0, -1.866614}"
18,"H35{2.357528, 0, 0.705661}"
18,"H45{2.947075, 0, 0.51374}"
19,"P0{0, 0, 0}"
19,"P1{-0.1453, 0, -1.1232}"
19,"S01{0.521075, 0, -1.513312}"
19,"H02{0.097128, 0, -0.282081}"
19,"H13{1.986292, 0, -2.371085}"
19,"H23{2.10891, 0, -1.453542}"
19,"H24{2.68963, 0, -1.791695}"
19,"H35{2.40513, 0, 0.763053}"
19,"H45{2.99995, 0, 0.588158}"
20,"P0{0, 0, 0}"
20,"P1{-0.1453, 0, -1.1232}"
20,"S01{0.547407, 0, -1.503987}"
20,"H02{0.102037, 0, -0.280343}"
20,"H13{2.019219, 0, -2.313057}"
20,"H23{2.145302, 0, -1.395983}"
20,"H24{2.73511, 0, -1.718024}"
20,"H35{2.449891, 0, 0.819477}"
20,"H45{3.049378, 0, 0.661312}"
21,"P0{0, 0, 0}"
21,"P1{-0.1453, 0, -1.1232}"
21,"S01{0.573571, 0, -1.494205}"
21,"H02{0.106914, 0, -0.27852}"
21,"H13{2.049625, 0, -2.255986}"
21,"H23{2.179143, 0, -1.339392}"
21,"H24{2.777312, 0, -1.645623}"
21,"H35{2.492032, 0, 0.874911}"
21,"H45{3.095614, 0, 0.733176}"
22,"P0{0, 0, 0}"
22,"P1{-0.1453, 0, -1.1232}"
22,"S01{0.599562, 0, -1.483967}"
22,"H02{0.111758, 0, -0.276611}"
22,"H13{2.077683, 0, -2.199882}"
22,"H23{2.210616, 0, -1.283776}"
22,"H24{2.816471, 0, -1.574505}"
22,"H35{2.531752, 0, 0.929346}"
22,"H45{3.138896, 0, 0.803739}"
23,"P0{0, 0, 0}"
23,"P1{-0.1453, 0, -1.1232}"
23,"S01{0.625369, 0, -1.473277}"
23,"H02{0.116569, 0, -0.274619}"
23,"H13{2.103555, 0, -2.144745}"
23,"H23{2.239886, 0, -1.229139}"
23,"H24{2.852802, 0, -1.50467}"
23,"H35{2.569235, 0, 0.982776}"
23,"H45{3.179439, 0, 0.872999}"
24,"P0{0, 0, 0}"
24,"P1{-0.1453, 0, -1.1232}"
24,"S01{0.650986, 0, -1.462139}"
24,"H02{0.121344, 0, -0.272543}"
24,"H13{2.127386, 0, -2.090567}"
24,"H23{2.267107, 0, -1.175472}"
24,"H24{2.886503, 0, -1.436112}"
24,"H35{2.604646, 0, 1.035207}"
24,"H45{3.217441, 0, 0.940962}"
25,"P0{0, 0, 0}"
25,"P1{-0.1453, 0, -1.1232}"
25,"S01{0.676405, 0, -1.450555}"
25,"H02{0.126082, 0, -0.270383}"
25,"H13{2.149313, 0, -2.037339}"
25,"H23{2.292421, 0, -1.122768}"
25,"H24{2.917756, 0, -1.368817}"
25,"H35{2.638139, 0, 1.086648}"
25,"H45{3.253085, 0, 1.007642}"
26,"P0{0, 0, 0}"
26,"P1{-0.1453, 0, -1.1232}"
26,"S01{0.701617, 0, -1.438529}"
26,"H02{0.130781, 0, -0.268142}"
26,"H13{2.169462, 0, -1.985045}"
26,"H23{2.315956, 0, -1.07101}"
26,"H24{2.946728, 0, -1.302765}"
26,"H35{2.669854, 0, 1.13711}"
26,"H45{3.286537, 0, 1.073057}"
27,"P0{0, 0, 0}"
27,"P1{-0.1453, 0, -1.1232}"
27,"S01{0.726616, 0, -1.426065}"
27,"H02{0.135441, 0, -0.265818}"
27,"H13{2.187948, 0, -1.933666}"
27,"H23{2.337831, 0, -1.020181}"
27,"H24{2.973573, 0, -1.237935}"
27,"H35{2.699919, 0, 1.186611}"
27,"H45{3.317949, 0, 1.137229}"
28,"P0{0, 0, 0}"
28,"P1{-0.1453, 0, -1.1232}"
28,"S01{0.751394, 0, -1.413166}"
28,"H02{0.14006, 0, -0.263414}"
28,"H13{2.204876, 0, -1.883183}"
28,"H23{2.358156, 0, -0.970261}"
28,"H24{2.998431, 0, -1.1743}"
28,"H35{2.72845, 0, 1.235168}"
28,"H45{3.347462, 0, 1.200185}"
29,"P0{0, 0, 0}"
29,"P1{-0.1453, 0, -1.1232}"
29,"S01{0.775943, 0, -1.399838}"
29,"H02{0.144636, 0, -0.26093}"
29,"H13{2.220344, 0, -1.833573}"
29,"H23{2.377031, 0, -0.92123}"
29,"H24{3.021433, 0, -1.111832}"
29,"H35{2.755554, 0, 1.282802}"
29,"H45{3.375203, 0, 1.261951}"
30,"P0{0, 0, 0}"
30,"P1{-0.1453, 0, -1.1232}"
30,"S01{0.800255, 0, -1.386082}"
30,"H02{0.149168, 0, -0.258366}"
30,"H13{2.234441, 0, -1.784813}"
30,"H23{2.394547, 0, -0.873064}"
30,"H24{3.042698, 0, -1.050503}"
30,"H35{2.78133, 0, 1.329533}"
30,"H45{3.401291, 0, 1.322556}"
31,"P0{0, 0, 0}"
31,"P1{-0.1453, 0, -1.1232}"
31,"S01{0.824324, 0, -1.371905}"
31,"H02{0.153654, 0, -0.255723}"
31,"H13{2.24725, 0, -1.73688}"
31,"H23{2.41079, 0, -0.825741}"
31,"H24{3.062335, 0, -0.990282}"
31,"H35{2.805869, 0, 1.375384}"
31,"H45{3.425833, 0, 1.382031}"
32,"P0{0, 0, 0}"
32,"P1{-0.1453, 0, -1.1232}"
32,"S01{0.848141, 0, -1.357309}"
32,"H02{0.158093, 0, -0.253002}"
32,"H13{2.258847, 0, -1.689749}"
32,"H23{2.425837, 0, -0.779236}"
32,"H24{3.080444, 0, -0.931139}"
32,"H35{2.829252, 0, 1.420376}"
32,"H45{3.448928, 0, 1.440405}"
33,"P0{0, 0, 0}"
33,"P1{-0.1453, 0, -1.1232}"
33,"S01{0.8717, 0, -1.342301}"
33,"H02{0.162485, 0, -0.250205}"
33,"H13{2.2693, 0, -1.643397}"
33,"H23{2.43976, 0, -0.733527}"
33,"H24{3.097118, 0, -0.873042}"
33,"H35{2.851557, 0, 1.464532}"
33,"H45{3.470668, 0, 1.497709}"
34,"P0{0, 0, 0}"
34,"P1{-0.1453, 0, -1.1232}"
34,"S01{0.894994, 0, -1.326883}"
34,"H02{0.166827, 0, -0.247331}"
34,"H13{2.278675, 0, -1.597799}"
34,"H23{2.452625, 0, -0.688589}"
34,"H24{3.112443, 0, -0.815963}"
34,"H35{2.872853, 0, 1.507873}"
34,"H45{3.491137, 0, 1.553972}"
35,"P0{0, 0, 0}"
35,"P1{-0.1453, 0, -1.1232}"
35,"S01{0.918015, 0, -1.311061}"
35,"H02{0.171118, 0, -0.244382}"
35,"H13{2.28703, 0, -1.552932}"
35,"H23{2.464493, 0, -0.644401}"
35,"H24{3.126498, 0, -0.759871}"
35,"H35{2.893206, 0, 1.550421}"
35,"H45{3.510411, 0, 1.609224}"
36,"P0{0, 0, 0}"
36,"P1{-0.1453, 0, -1.1232}"
36,"S01{0.940756, 0, -1.29484}"
36,"H02{0.175357, 0, -0.241358}"
36,"H13{2.29442, 0, -1.508772}"
36,"H23{2.475419, 0, -0.60094}"
36,"H24{3.139354, 0, -0.704736}"
36,"H35{2.912675, 0, 1.592196}"
36,"H45{3.528561, 0, 1.663495}"
37,"P0{0, 0, 0}"
37,"P1{-0.1453, 0, -1.1232}"
37,"S01{0.963211, 0, -1.278224}"
37,"H02{0.179542, 0, -0.238261}"
37,"H13{2.300895, 0, -1.465298}"
37,"H23{2.485455, 0, -0.558183}"
37,"H24{3.15108, 0, -0.650531}"
37,"H35{2.931315, 0, 1.63322}"
37,"H45{3.545655, 0, 1.716811}"
38,"P0{0, 0, 0}"
38,"P1{-0.1453, 0, -1.1232}"
38,"S01{0.985372, 0, -1.261219}"
38,"H02{0.183673, 0, -0.235091}"
38,"H13{2.306501, 0, -1.422487}"
38,"H23{2.49465, 0, -0.516109}"
38,"H24{3.161736, 0, -0.597228}"
38,"H35{2.949179, 0, 1.673512}"
38,"H45{3.561751, 0, 1.769202}"
39,"P0{0, 0, 0}"
39,"P1{-0.1453, 0, -1.1232}"
39,"S01{1.007234, 0, -1.24383}"
39,"H02{0.187748, 0, -0.23185}"
39,"H13{2.311281, 0, -1.380318}"
39,"H23{2.503047, 0, -0.474699}"
39,"H24{3.171381, 0, -0.544799}"
39,"H35{2.966314, 0, 1.71309}"
39,"H45{3.576906, 0, 1.820692}"
40,"P0{0, 0, 0}"
40,"P1{-0.1453, 0, -1.1232}"
40,"S01{1.028788, 0, -1.226062}"
40,"H02{0.191766, 0, -0.228538}"
40,"H13{2.315275, 0, -1.338771}"
40,"H23{2.510688, 0, -0.433931}"
40,"H24{3.180067, 0, -0.49322}"
40,"H35{2.982764, 0, 1.751974}"
40,"H45{3.591172, 0, 1.871308}"
41,"P0{0, 0, 0}"
41,"P1{-0.1453, 0, -1.1232}"
41,"S01{1.050029, 0, -1.20792}"
41,"H02{0.195725, 0, -0.225156}"
41,"H13{2.318519, 0, -1.297826}"
41,"H23{2.51761, 0, -0.393789}"
41,"H24{3.187844, 0, -0.442466}"
41,"H35{2.998571, 0, 1.790179}"
41,"H45{3.604596, 0, 1.921073}"
42,"P0{0, 0, 0}"
42,"P1{-0.1453, 0, -1.1232}"
42,"S01{1.07095, 0, -1.189411}"
42,"H02{0.199625, 0, -0.221706}"
42,"H13{2.321048, 0, -1.257464}"
42,"H23{2.523849, 0, -0.354252}"
42,"H24{3.194759, 0, -0.392512}"
42,"H35{3.013773, 0, 1.827722}"
42,"H45{3.617225, 0, 1.970012}"
43,"P0{0, 0, 0}"
43,"P1{-0.1453, 0, -1.1232}"
43,"S01{1.091545, 0, -1.170539}"
43,"H02{0.203464, 0, -0.218188}"
43,"H13{2.322893, 0, -1.217667}"
43,"H23{2.529437, 0, -0.315304}"
43,"H24{3.200852, 0, -0.343337}"
43,"H35{3.028407, 0, 1.86462}"
43,"H45{3.629097, 0, 2.018147}"
44,"P0{0, 0, 0}"
44,"P1{-0.1453, 0, -1.1232}"
44,"S01{1.111808, 0, -1.151311}"
44,"H02{0.207241, 0, -0.214604}"
44,"H13{2.324083, 0, -1.178419}"
44,"H23{2.534406, 0, -0.276928}"
44,"H24{3.206166, 0, -0.294919}"
44,"H35{3.042505, 0, 1.900885}"
44,"H45{3.640253, 0, 2.065498}"
45,"P0{0, 0, 0}"
45,"P1{-0.1453, 0, -1.1232}"
45,"S01{1.131731, 0, -1.131731}"
45,"H02{0.210955, 0, -0.210955}"
45,"H13{2.324645, 0, -1.139701}"
45,"H23{2.538784, 0, -0.23911}"
45,"H24{3.210735, 0, -0.247237}"
45,"H35{3.056101, 0, 1.936533}"
45,"H45{3.650728, 0, 2.112086}"
46,"P0{0, 0, 0}"
46,"P1{-0.1453, 0, -1.1232}"
46,"S01{1.151311, 0, -1.111808}"
46,"H02{0.214604, 0, -0.207241}"
46,"H13{2.324605, 0, -1.101499}"
46,"H23{2.542598, 0, -0.201833}"
46,"H24{3.214596, 0, -0.200271}"
46,"H35{3.069225, 0, 1.971575}"
46,"H45{3.660555, 0, 2.157932}"
47,"P0{0, 0, 0}"
47,"P1{-0.1453, 0, -1.1232}"
47,"S01{1.170539, 0, -1.091545}"
47,"H02{0.218188, 0, -0.203464}"
47,"H13{2.323986, 0, -1.063797}"
47,"H23{2.545872, 0, -0.165083}"
47,"H24{3.217781, 0, -0.154004}"
47,"H35{3.081904, 0, 2.006024}"
47,"H45{3.669765, 0, 2.203052}"
48,"P0{0, 0, 0}"
48,"P1{-0.1453, 0, -1.1232}"
48,"S01{1.189411, 0, -1.07095}"
48,"H02{0.221706, 0, -0.199625}"
48,"H13{2.32281, 0, -1.026581}"
48,"H23{2.54863, 0, -0.128848}"
48,"H24{3.220319, 0, -0.108417}"
48,"H35{3.094165, 0, 2.039891}"
48,"H45{3.678386, 0, 2.247464}"
49,"P0{0, 0, 0}"
49,"P1{-0.1453, 0, -1.1232}"
49,"S01{1.20792, 0, -1.050029}"
49,"H02{0.225156, 0, -0.195725}"
49,"H13{2.321097, 0, -0.989838}"
49,"H23{2.550894, 0, -0.093114}"
49,"H24{3.222241, 0, -0.063494}"
49,"H35{3.106035, 0, 2.073186}"
49,"H45{3.686446, 0, 2.291185}"
50,"P0{0, 0, 0}"
50,"P1{-0.1453, 0, -1.1232}"
50,"S01{1.226062, 0, -1.028788}"
50,"H02{0.228538, 0, -0.191766}"
50,"H13{2.318867, 0, -0.953553}"
50,"H23{2.552684, 0, -0.057869}"
50,"H24{3.223572, 0, -0.019218}"
50,"H35{3.117537, 0, 2.105919}"
50,"H45{3.693969, 0, 2.334231}"
51,"P0{0, 0, 0}"
51,"P1{-0.1453, 0, -1.1232}"
51,"S01{1.24383, 0, -1.007234}"
51,"H02{0.23185, 0, -0.187748}"
51,"H13{2.316138, 0, -0.917716}"
51,"H23{2.55402, 0, -0.023103}"
51,"H24{3.224338, 0, 0.024424}"
51,"H35{3.128695, 0, 2.138097}"
51,"H45{3.700979, 0, 2.376617}"
52,"P0{0, 0, 0}"
52,"P1{-0.1453, 0, -1.1232}"
52,"S01{1.261219, 0, -0.985372}"
52,"H02{0.235091, 0, -0.183673}"
52,"H13{2.312926, 0, -0.882313}"
52,"H23{2.554921, 0, 0.011196}"
52,"H24{3.224563, 0, 0.067447}"
52,"H35{3.139531, 0, 2.16973}"
52,"H45{3.707497, 0, 2.418356}"
53,"P0{0, 0, 0}"
53,"P1{-0.1453, 0, -1.1232}"
53,"S01{1.278224, 0, -0.963211}"
53,"H02{0.238261, 0, -0.179542}"
53,"H13{2.309246, 0, -0.847335}"
53,"H23{2.555403, 0, 0.045037}"
53,"H24{3.224269, 0, 0.109864}"
53,"H35{3.150067, 0, 2.200823}"
53,"H45{3.713543, 0, 2.459462}"
54,"P0{0, 0, 0}"
54,"P1{-0.1453, 0, -1.1232}"
54,"S01{1.29484, 0, -0.940756}"
54,"H02{0.241358, 0, -0.175357}"
54,"H13{2.305115, 0, -0.81277}"
54,"H23{2.555484, 0, 0.07843}"
54,"H24{3.223478, 0, 0.151687}"
54,"H35{3.160322, 0, 2.231383}"
54,"H45{3.719137, 0, 2.499947}"
55,"P0{0, 0, 0}"
55,"P1{-0.1453, 0, -1.1232}"
55,"S01{1.311061, 0, -0.918015}"
55,"H02{0.244382, 0, -0.171118}"
55,"H13{2.300545, 0, -0.778608}"
55,"H23{2.555178, 0, 0.111383}"
55,"H24{3.222211, 0, 0.192929}"
55,"H35{3.170318, 0, 2.261415}"
55,"H45{3.724293, 0, 2.539824}"
56,"P0{0, 0, 0}"
56,"P1{-0.1453, 0, -1.1232}"
56,"S01{1.326883, 0, -0.894994}"
56,"H02{0.247331, 0, -0.166827}"
56,"H13{2.295549, 0, -0.744839}"
56,"H23{2.5545, 0, 0.143904}"
56,"H24{3.220487, 0, 0.2336}"
56,"H35{3.180073, 0, 2.290925}"
56,"H45{3.72903, 0, 2.579103}"
57,"P0{0, 0, 0}"
57,"P1{-0.1453, 0, -1.1232}"
57,"S01{1.342301, 0, -0.8717}"
57,"H02{0.250205, 0, -0.162485}"
57,"H13{2.29014, 0, -0.711455}"
57,"H23{2.553466, 0, 0.176002}"
57,"H24{3.218324, 0, 0.27371}"
57,"H35{3.189607, 0, 2.319915}"
57,"H45{3.73336, 0, 2.617796}"
58,"P0{0, 0, 0}"
58,"P1{-0.1453, 0, -1.1232}"
58,"S01{1.357309, 0, -0.848141}"
58,"H02{0.253002, 0, -0.158093}"
58,"H13{2.284328, 0, -0.678446}"
58,"H23{2.552087, 0, 0.207683}"
58,"H24{3.215741, 0, 0.313268}"
58,"H35{3.198938, 0, 2.348389}"
58,"H45{3.737296, 0, 2.655912}"
59,"P0{0, 0, 0}"
59,"P1{-0.1453, 0, -1.1232}"
59,"S01{1.371905, 0, -0.824324}"
59,"H02{0.255723, 0, -0.153654}"
59,"H13{2.278126, 0, -0.645806}"
59,"H23{2.550378, 0, 0.238954}"
59,"H24{3.212753, 0, 0.352284}"
59,"H35{3.208083, 0, 2.37635}"
59,"H45{3.74085, 0, 2.693462}"
60,"P0{0, 0, 0}"
60,"P1{-0.1453, 0, -1.1232}"
60,"S01{1.386082, 0, -0.800255}"
60,"H02{0.258366, 0, -0.149168}"
60,"H13{2.271543, 0, -0.613525}"
60,"H23{2.548351, 0, 0.26982}"
60,"H24{3.209378, 0, 0.390765}"
60,"H35{3.217062, 0, 2.403798}"
60,"H45{3.744031, 0, 2.730454}"
61,"P0{0, 0, 0}"
61,"P1{-0.1453, 0, -1.1232}"
61,"S01{1.399838, 0, -0.775943}"
61,"H02{0.26093, 0, -0.144636}"
61,"H13{2.264589, 0, -0.581597}"
61,"H23{2.546018, 0, 0.300287}"
61,"H24{3.205631, 0, 0.428718}"
61,"H35{3.225891, 0, 2.430735}"
61,"H45{3.746847, 0, 2.766898}"
62,"P0{0, 0, 0}"
62,"P1{-0.1453, 0, -1.1232}"
62,"S01{1.413166, 0, -0.751394}"
62,"H02{0.263414, 0, -0.14006}"
62,"H13{2.257273, 0, -0.550014}"
62,"H23{2.54339, 0, 0.33036}"
62,"H24{3.201527, 0, 0.466151}"
62,"H35{3.234589, 0, 2.45716}"
62,"H45{3.749304, 0, 2.802802}"
63,"P0{0, 0, 0}"
63,"P1{-0.1453, 0, -1.1232}"
63,"S01{1.426065, 0, -0.726616}"
63,"H02{0.265818, 0, -0.135441}"
63,"H13{2.249604, 0, -0.51877}"
63,"H23{2.540479, 0, 0.360043}"
63,"H24{3.197082, 0, 0.503069}"
63,"H35{3.243172, 0, 2.483074}"
63,"H45{3.751407, 0, 2.838176}"
64,"P0{0, 0, 0}"
64,"P1{-0.1453, 0, -1.1232}"
64,"S01{1.438529, 0, -0.701617}"
64,"H02{0.268142, 0, -0.130781}"
64,"H13{2.24159, 0, -0.487859}"
64,"H23{2.537295, 0, 0.38934}"
64,"H24{3.192309, 0, 0.539478}"
64,"H35{3.251659, 0, 2.508473}"
64,"H45{3.753157, 0, 2.873027}"
65,"P0{0, 0, 0}"
65,"P1{-0.1453, 0, -1.1232}"
65,"S01{1.450555, 0, -0.676405}"
65,"H02{0.270383, 0, -0.126082}"
65,"H13{2.233238, 0, -0.457275}"
65,"H23{2.53385, 0, 0.418255}"
65,"H24{3.187222, 0, 0.575383}"
65,"H35{3.260066, 0, 2.533355}"
65,"H45{3.754553, 0, 2.907364}"
66,"P0{0, 0, 0}"
66,"P1{-0.1453, 0, -1.1232}"
66,"S01{1.462139, 0, -0.650986}"
66,"H02{0.272543, 0, -0.121344}"
66,"H13{2.224557, 0, -0.427012}"
66,"H23{2.530154, 0, 0.446791}"
66,"H24{3.181835, 0, 0.610788}"
66,"H35{3.268412, 0, 2.557718}"
66,"H45{3.755591, 0, 2.941197}"
67,"P0{0, 0, 0}"
67,"P1{-0.1453, 0, -1.1232}"
67,"S01{1.473277, 0, -0.625369}"
67,"H02{0.274619, 0, -0.116569}"
67,"H13{2.215553, 0, -0.397065}"
67,"H23{2.526216, 0, 0.474949}"
67,"H24{3.176162, 0, 0.645697}"
67,"H35{3.276713, 0, 2.581556}"
67,"H45{3.756264, 0, 2.974534}"
68,"P0{0, 0, 0}"
68,"P1{-0.1453, 0, -1.1232}"
68,"S01{1.483967, 0, -0.599562}"
68,"H02{0.276611, 0, -0.111758}"
68,"H13{2.206233, 0, -0.367429}"
68,"H23{2.522048, 0, 0.502733}"
68,"H24{3.170215, 0, 0.680112}"
68,"H35{3.28499, 0, 2.604865}"
68,"H45{3.756558, 0, 3.007386}"
69,"P0{0, 0, 0}"
69,"P1{-0.1453, 0, -1.1232}"
69,"S01{1.494205, 0, -0.573571}"
69,"H02{0.27852, 0, -0.106914}"
69,"H13{2.196604, 0, -0.338099}"
69,"H23{2.517658, 0, 0.530144}"
69,"H24{3.164008, 0, 0.714037}"
69,"H35{3.293259, 0, 2.627638}"
69,"H45{3.756457, 0, 3.039763}"
70,"P0{0, 0, 0}"
70,"P1{-0.1453, 0, -1.1232}"
70,"S01{1.503987, 0, -0.547407}"
70,"H02{0.280343, 0, -0.102037}"
70,"H13{2.186672, 0, -0.30907}"
70,"H23{2.513058, 0, 0.557182}"
70,"H24{3.157553, 0, 0.747472}"
70,"H35{3.301539, 0, 2.649868}"
70,"H45{3.755935, 0, 3.071679}"
71,"P0{0, 0, 0}"
71,"P1{-0.1453, 0, -1.1232}"
71,"S01{1.513312, 0, -0.521075}"
71,"H02{0.282081, 0, -0.097128}"
71,"H13{2.176442, 0, -0.280339}"
71,"H23{2.508256, 0, 0.583848}"
71,"H24{3.150864, 0, 0.780418}"
71,"H35{3.309851, 0, 2.671546}"
71,"H45{3.754958, 0, 3.103147}"
72,"P0{0, 0, 0}"
72,"P1{-0.1453, 0, -1.1232}"
72,"S01{1.522175, 0, -0.494585}"
72,"H02{0.283733, 0, -0.092191}"
72,"H13{2.16592, 0, -0.251902}"
72,"H23{2.503263, 0, 0.610142}"
72,"H24{3.143952, 0, 0.812878}"
72,"H35{3.318214, 0, 2.692663}"
72,"H45{3.753481, 0, 3.134187}"
73,"P0{0, 0, 0}"
73,"P1{-0.1453, 0, -1.1232}"
73,"S01{1.530575, 0, -0.467944}"
73,"H02{0.285299, 0, -0.087225}"
73,"H13{2.155112, 0, -0.223754}"
73,"H23{2.498089, 0, 0.636064}"
73,"H24{3.136832, 0, 0.844849}"
73,"H35{3.326648, 0, 2.713208}"
73,"H45{3.751441, 0, 3.164818}"
74,"P0{0, 0, 0}"
74,"P1{-0.1453, 0, -1.1232}"
74,"S01{1.538509, 0, -0.44116}"
74,"H02{0.286778, 0, -0.082232}"
74,"H13{2.144023, 0, -0.195892}"
74,"H23{2.492742, 0, 0.661613}"
74,"H24{3.129515, 0, 0.876331}"
74,"H35{3.335175, 0, 2.733169}"
74,"H45{3.748756, 0, 3.195068}"
75,"P0{0, 0, 0}"
75,"P1{-0.1453, 0, -1.1232}"
75,"S01{1.545974, 0, -0.414242}"
75,"H02{0.288169, 0, -0.077215}"
75,"H13{2.132658, 0, -0.168313}"
75,"H23{2.487234, 0, 0.686787}"
75,"H24{3.122016, 0, 0.907323}"
75,"H35{3.343818, 0, 2.752532}"
75,"H45{3.745314, 0, 3.224973}"
